name_track,name_artist,genre,type,year
Dile,Don Omar,reggaeton,track,2003
Salió El Sol,Don Omar,reggaeton,track,2006
Pa' Que Retozen,Tego Calderón,reggaeton,track,2003
Noche De Sexo,Wisin & Yandel,reggaeton,track,2005
Dale Don Dale,Don Omar,reggaeton,track,2003
Atrévete-Te-Te,Calle 13,reggaeton,track,2005
Rakata,Wisin & Yandel,reggaeton,track,2005
Noche de Travesura,"Héctor ""El Father""",reggaeton,track,2006
Sexy Movimiento,Wisin & Yandel,reggaeton,track,2007
Rompe,Daddy Yankee,reggaeton,track,2005
El Telefono,"Héctor ""El Father""",reggaeton,track,2006
Ojitos Chiquitos,Don Omar,reggaeton,track,2006
Ven Bailalo - Reggaeton Mix,Angel Y Khriz,reggaeton,track,2005
Yo Voy (feat. Daddy Yankee),Zion & Lennox,reggaeton,track,2004
El Señor de la Noche,Don Omar,reggaeton,track,2006
Soy una Gargola,Alex Gargolas,reggaeton,track,2006
Perdóname,La Factoria,reggaeton,track,2006
Ahora Es,Wisin & Yandel,reggaeton,track,2007
Ayer La Vi,Don Omar,reggaeton,track,2006
Noche De Entierro,Daddy Yankee,reggaeton,track,2006
Yo no Soy Tu Marido,Nicky Jam,reggaeton,track,2003
Pam Pam,Wisin & Yandel,reggaeton,track,2007
Zun Da Da,Zion,reggaeton,track,2007
Quiero Bailar,Ivy Queen,reggaeton,track,2004
Bandoleros,Don Omar,reggaeton,track,2006
Pasarela,Ñejo & Dalmata,reggaeton,track,2007
En Su Nota,Don Omar,reggaeton,track,2006
Al Natural (feat. Yandel),Tego Calderón,reggaeton,track,2004
"Baila Morena (with Luny Tunes, Noriega) - Remix",Hector & Tito,reggaeton,track,2005
Mayor Que Yo,Baby Ranks,reggaeton,track,2007
5 Letras,Alexis y Fido,reggaeton,track,2007
Quizas - Remix,Tony Dize,reggaeton,track,2007
Mírala Bien,Wisin & Yandel,reggaeton,track,2005
Felina,Hector & Tito,reggaeton,track,2005
Yo Quisiera,Reik,reggaeton,track,2005
Noviembre Sin Ti,Reik,reggaeton,track,2005
Aparentemente,Yaga & Mackie,reggaeton,track,2007
Déjale Caer To' El Peso (feat. Yomo),"Héctor ""El Father""",reggaeton,track,2006
Llamé Pa' Verte (Bailando Sexy),Wisin & Yandel,reggaeton,track,2005
Mis Ojos Lloran Por Ti,Big Boy,reggaeton,track,2006
Dominicana,Tego Calderón,reggaeton,track,2003
Cuéntale,Don Omar,reggaeton,track,2006
Flow Natural,"Tito ""El Bambino""",reggaeton,track,2006
Métele Sazón,Luny Tunes,reggaeton,track,2003
Angelito,Don Omar,reggaeton,track,2006
Pegao,Wisin & Yandel,reggaeton,track,2007
Nadie Como Tu,Wisin & Yandel,reggaeton,track,2006
La Botella,Mach & Daddy,reggaeton,track,2005
Quizas,Tony Dize,reggaeton,track,2006
Sacala,Daddy Yankee,reggaeton,track,2005
Aunque Te Fuiste,Don Omar,reggaeton,track,2003
Mayor Que Yo,Wisin & Yandel,reggaeton,track,2005
Quiero Saber,Ivy Queen,reggaeton,track,2004
Te Quiero,Nigga,reggaeton,track,2007
Conteo,Don Omar,reggaeton,track,2006
Sola,"Héctor ""El Father""",reggaeton,track,2006
Belly Danza,Don Omar,reggaeton,track,2006
Agárrala (Remix),Trebol Clan,reggaeton,track,2004
Baila Morena - Live,Hector & Tito,reggaeton,track,2005
"Guasa, Guasa",Tego Calderón,reggaeton,track,2003
Shorty,Casa De Leones,reggaeton,track,2007
Abayarde,Tego Calderón,reggaeton,track,2003
MySpace (feat. Wisin & Yandel),Don Omar,reggaeton,track,2006
Me Pones en Tensión,The Noise,reggaeton,track,2004
Siente El Boom,"Tito ""El Bambino""",reggaeton,track,2006
Porque Me Tratas Así?,Wisin & Yandel,reggaeton,track,2007
Amor De Pobre,Zion,reggaeton,track,2007
Aventura,Luny Tunes,reggaeton,track,2003
Me Voy Pa'l Party,Nicky Jam,reggaeton,track,2003
El Telefono,"Héctor ""El Father""",reggaeton,track,2006
Soy Igual Que Tú (feat. Toby Love),Alexis y Fido,reggaeton,track,2007
Fantasma,Zion,reggaeton,track,2007
Saoco,Wisin,reggaeton,track,2004
Al Natural,Tego Calderón,reggaeton,track,2003
Luna,Alex Gargolas,reggaeton,track,2003
Conteo - Fast And The Furious: Tokyo Drift Version,Don Omar,reggaeton,track,2006
Hay Algo en Ti,Luny Tunes,reggaeton,track,2003
"Sol, Playa Y Arena","Tito ""El Bambino""",reggaeton,track,2007
Un Poco Loca (feat. De La Ghetto),Jowell & Randy,reggaeton,track,2007
Bonita,Arcángel,reggaeton,track,2007
Dile,Don Omar,reggaeton,track,2005
Tu Cuerpo Me Arrebata,Don Omar,reggaeton,track,2003
Machucando,Daddy Yankee,reggaeton,track,2005
Alocate,Zion,reggaeton,track,2006
Rumor de Guerra,"Héctor ""El Father""",reggaeton,track,2006
Moriré,La Factoria,reggaeton,track,2006
Te Suelto el Pelo,Yandel,reggaeton,track,2003
Ayer La Vi - Live - Desde Puerto Rico/2007,Don Omar,reggaeton,track,2007
Caile,"Tito ""El Bambino""",reggaeton,track,2006
Metele Sazón,Tego Calderón,reggaeton,track,2006
Pa'l Norte (feat. Orishas),Calle 13,reggaeton,track,2007
"No Se De Ella ""My Space""",Don Omar,reggaeton,track,2006
Hola Bebe,"Héctor ""El Father""",reggaeton,track,2007
No Te Veo - Digital Single,Casa De Leones,reggaeton,track,2007
Cójela Que Va Sin Jockey,Luny Tunes,reggaeton,track,2003
Welcome To My Crib,Randy,reggaeton,track,2007
La Calle Me Lo Pidio,Yandel,reggaeton,track,2003
El Tiburon,Alexis y Fido,reggaeton,track,2006
Conteo,Don Omar,reggaeton,track,2006
Pónmela,Voltio,reggaeton,track,2007
Una Vez Mas,Calle Ciega,reggaeton,track,2005
"No Le Temas A Él (feat. Héctor ""El Father"" & Tito ""El Bambino"")",Trebol Clan,reggaeton,track,2004
Dembow,Wisin & Yandel,reggaeton,track,2007
Doncella,Zion & Lennox,reggaeton,track,2004
Mirame,Daddy Yankee,reggaeton,track,2006
Guasa Guasa (feat. Voltio),Tego Calderón,reggaeton,track,2004
Noche de Travesuras,"Héctor ""El Father""",reggaeton,track,2006
Aqui Esta Tu Caldo,Daddy Yankee,reggaeton,track,2003
Mi Fanatica,De La Ghetto,reggaeton,track,2006
Aprovechalo,Wisin & Yandel,reggaeton,track,2007
Tengo Un Amor (feat. Rakim & Ken-Y) - Remix Version,Toby Love,reggaeton,track,2006
Un Sueño,Alex Gargolas,reggaeton,track,2006
No Te Pido Flores,Fanny Lu,reggaeton,track,2005
Cambumbo,Tego Calderón,reggaeton,track,2003
Entre Tú y Yo,Luny Tunes,reggaeton,track,2003
Dale Don Mas Duro,Don Omar,reggaeton,track,2003
Provócandome,Don Omar,reggaeton,track,2003
Un Beso de Desayuno,Calle 13,reggaeton,track,2007
Me Duele Amarte,Reik,reggaeton,track,2006
Alócate,Zion,reggaeton,track,2006
"Llora, Llora",Tego Calderón,reggaeton,track,2006
Yo Te Quiero,Wisin & Yandel,reggaeton,track,2007
Dembow,Wisin & Yandel,reggaeton,track,2003
Llorarás,R.K.M & Ken-Y,reggaeton,track,2007
Machete,"Héctor ""El Father""",reggaeton,track,2004
No Te Veo - Remix,Casa De Leones,reggaeton,track,2007
"Te He Querido, Te He Llorado",Ivy Queen,reggaeton,track,2005
Pegao,Wisin & Yandel,reggaeton,track,2006
Tu Quieres Duro,"Héctor ""El Father""",reggaeton,track,2004
Dejale Caer To' el Peso,"Héctor ""El Father""",reggaeton,track,2005
Algo Musical,Ñejo & Dalmata,reggaeton,track,2007
Gangsta Zone,Daddy Yankee,reggaeton,track,2005
Tus Sabanas,Wisin & Yandel,reggaeton,track,2007
Mayor Que Yo 2,Wisin & Yandel,reggaeton,track,2006
Alegria,Tego Calderón,reggaeton,track,2007
Luna,Nigga,reggaeton,track,2007
Qué Vida la Mía,Reik,reggaeton,track,2005
Bandida,Zion & Lennox,reggaeton,track,2004
Tango del Pecado (feat. Bajofondo Tango Club & Panasuyo),Calle 13,reggaeton,track,2007
Hoy Me Atrevo,Ñejo & Dalmata,reggaeton,track,2007
Maldades,"Héctor ""El Father""",reggaeton,track,2006
Down (Remix),R.K.M & Ken-Y,reggaeton,track,2007
Sin Tu Amor (feat. Alex Pro),Nigga,reggaeton,track,2007
Chica Ven Pa' Ca,Plan B,reggaeton,track,2003
Si Estoy Facil,Hector & Tito,reggaeton,track,2005
Cae la Noche,Luny Tunes,reggaeton,track,2003
Me Quiere Besar,Alexis y Fido,reggaeton,track,2006
Salvaje,"Héctor ""El Father""",reggaeton,track,2004
En la Disco Bailoteo,Wisin & Yandel,reggaeton,track,2003
Siente El Boom,"Tito ""El Bambino""",reggaeton,track,2006
Salió El Sol,Don Omar,reggaeton,track,2006
Si Estoy Contigo - En Vivo,Alex Campos,reggaeton,track,2006
Cumbia de los Aburridos,Calle 13,reggaeton,track,2007
Mia Completa,Zion & Lennox,reggaeton,track,2006
Agárrale el Pantalón (feat. Zion & Lennox),Alexis y Fido,reggaeton,track,2005
Yo Te Quiero,Wisin & Yandel,reggaeton,track,2006
Cuando Baila Reggaeton,Tego Calderón,reggaeton,track,2006
Elegante de Boutique,Tego Calderón,reggaeton,track,2004
Te Doy Mi Amor,Bacanos,reggaeton,track,2005
No Quiere Novio,Ñejo & Dalmata,reggaeton,track,2007
Wiki Wiki,Yaviah,reggaeton,track,2004
Noche De Sexo,Wisin & Yandel,reggaeton,track,2007
Let's Go To My Crib,Jowell & Randy,reggaeton,track,2006
Si No Te Tengo,Nigga,reggaeton,track,2007
Sexo En La Playa,Ñejo & Dalmata,reggaeton,track,2007
"Baila Morena (with Don Omar, Luny Tunes, Noriega) - Reggaeton Remix 2005",Hector & Tito,reggaeton,track,2005
Adiós,Don Omar,reggaeton,track,2006
La Barría,Wisin & Yandel,reggaeton,track,2005
Una Canción Que Te Enamore,Servando & Florentino,reggaeton,track,2006
Ojitos Chiquitos,Don Omar,reggaeton,track,2006
La Cita,Jeremías,reggaeton,track,2003
Doncella (Remix) (Remix Mix),Zion & Lennox,reggaeton,track,2004
Te Vas,"Héctor ""El Father""",reggaeton,track,2006
Doncella,Zion & Lennox,reggaeton,track,2005
Repórtense,Don Omar,reggaeton,track,2006
Sopa de Letra,Tego Calderón,reggaeton,track,2004
Discoteca,Casa De Leones,reggaeton,track,2007
Royal Rumble (Se Van),Daddy Yankee,reggaeton,track,2006
Invierno,Reik,reggaeton,track,2006
Un Call,Ñejo & Dalmata,reggaeton,track,2007
Se Vale To-To,Calle 13,reggaeton,track,2005
Frikitona,Plan B,reggaeton,track,2006
"Sácala (feat. Don Omar, Wisin & Yandel)","Héctor ""El Father""",reggaeton,track,2006
Intocable,Don Omar,reggaeton,track,2003
Suave Mix - Blass Remix,Calle 13,reggaeton,track,2005
El sonido del silencio,Alex Campos,reggaeton,track,2006
Como Me Duele,La Factoria,reggaeton,track,2006
Los Mate,Tego Calderón,reggaeton,track,2006
Cosa Buena,Tego Calderón,reggaeton,track,2004
Acechándote,Yaga & Mackie,reggaeton,track,2004
Amar Es,Magnate,reggaeton,track,2007
Villana,Hector & Tito,reggaeton,track,2003
Eras Una Niña (feat. Japanese),Nigga,reggaeton,track,2007
Tu y Yo,Calle Ciega,reggaeton,track,2006
Que Se Sienta (feat. Yomo),"Héctor ""El Father""",reggaeton,track,2006
Tengo un Amor,Toby Love,reggaeton,track,2006
La Batidora - New Version Remix,Yaga & Mackie,reggaeton,track,2007
Canción De Amor - En Directo,Don Omar,reggaeton,track,2007
"Naki, Naki",Tego Calderón,reggaeton,track,2004
Desafio (Intro),Don Omar,reggaeton,track,2003
Mi Entierro,Tego Calderón,reggaeton,track,2004
Uno Y Uno Igual A Tres,Jeremías,reggaeton,track,2006
Imaginate,Wisin & Yandel,reggaeton,track,2007
Te Hago el Amor,Alex Gargolas,reggaeton,track,2003
Si Te Vas (feat. Kartiel),Noriega,reggaeton,track,2004
Si Yo Fuera Tu,Servando & Florentino,reggaeton,track,2006
Ya Lo Sé,Magnate Y Valentino,reggaeton,track,2006
Angelito,Don Omar,reggaeton,track,2006
A Ti No,Yaga & Mackie,reggaeton,track,2005
Sin Exagerar (feat. Tego Calderón),Calle 13,reggaeton,track,2007
Quiero Sentir Tu Cuerpo,Alex Gargolas,reggaeton,track,2003
Paleta,Wisin & Yandel,reggaeton,track,2005
Tradicional A Lo Bravo,Tego Calderón,reggaeton,track,2007
Conteo,Don Omar,reggaeton,track,2006
El Telefono,"Héctor ""El Father""",reggaeton,track,2006
Nuestro Amor Es Asi,Magnate,reggaeton,track,2007
Eso Ehh..!!!,Alexis y Fido,reggaeton,track,2005
Ven Bailalo - Bachareggae,Angel Y Khriz,reggaeton,track,2005
La Copa,Don Omar,reggaeton,track,2006
Entregate,Wisin & Yandel,reggaeton,track,2006
Envuelvete,Tony Dize,reggaeton,track,2006
Suave Voz - En Vivo,Alex Campos,reggaeton,track,2006
Mia,"Tito ""El Bambino""",reggaeton,track,2006
Una Noche Mas,Wisin & Yandel,reggaeton,track,2007
"Gasolina (with Pitbull, Lil Jon, Noriega, Dj Buddha) - Dj Buddha Remix",Daddy Yankee,reggaeton,track,2005
Quiero una Chica,Latin Dreams,reggaeton,track,2003
Vaquero,La Dinastia,reggaeton,track,2005
Pata Boom,Nova y Jory,reggaeton,track,2007
Busco una Mujer,Luny Tunes,reggaeton,track,2003
Déjala (feat. Duende),Nigga,reggaeton,track,2007
Suave,Calle 13,reggaeton,track,2005
Ahora (feat. Angel Doze),Zion & Lennox,reggaeton,track,2004
Electrica,Wisin & Yandel,reggaeton,track,2006
Che Che Cole,Tego Calderón,reggaeton,track,2006
Ven Pegate,Arcángel,reggaeton,track,2005
Eh Oh Eh Oh,Jowell & Randy,reggaeton,track,2007
En La Disco,"Tito ""El Bambino""",reggaeton,track,2007
Dame un Chance,Tego Calderón,reggaeton,track,2004
Caserios #2,Don Omar,reggaeton,track,2003
Dame Un Kiss,"Franco ""El Gorilla""",reggaeton,track,2006
La Batidora,Yaga & Mackie,reggaeton,track,2004
Yo Voy (feat. Daddy Yankee),Zion & Lennox,reggaeton,track,2005
Pegao,Wisin & Yandel,reggaeton,track,2007
Chica Virtual (feat. Arcangel),DJ Nelson,reggaeton,track,2007
Repórtense,Don Omar,reggaeton,track,2006
El Telefono,"Héctor ""El Father""",reggaeton,track,2007
Dos Palgas,Jowell & Randy,reggaeton,track,2007
Me Duele Quererte,Servando & Florentino,reggaeton,track,2006
Bailando Sola,Don Omar,reggaeton,track,2006
Not Too Much,Don Omar,reggaeton,track,2006
El Vestido Rojo,Calle Ciega,reggaeton,track,2005
Lo Grande Que Es Perdonar (with Gilberto Santa Rosa),Vico C,reggaeton,track,2005
Fuego,Yaga & Mackie,reggaeton,track,2005
Amor Prohibido,Trebol Clan,reggaeton,track,2004
Las Cosas Cambiaron,Wisin & Yandel,reggaeton,track,2007
Tu Cintura,"Tito ""El Bambino""",reggaeton,track,2006
Contacto,"Héctor ""El Father""",reggaeton,track,2004
Si te Vas - The Remix,"Héctor ""El Father""",reggaeton,track,2006
Sueño de morir,Alex Campos,reggaeton,track,2005
Bailando Provocas,Luny Tunes,reggaeton,track,2003
Un Amor Como Tú,Voltio,reggaeton,track,2007
La Noche Perfecta,Nova y Jory,reggaeton,track,2007
Chillin',Tego Calderón,reggaeton,track,2006
De Ti Me Enamore,Baby Rasta,reggaeton,track,2006
Dile a Él,Tonny Tun Tun,reggaeton,track,2004
Control,Wisin & Yandel,reggaeton,track,2007
La Pared,Wisin & Yandel,reggaeton,track,2007
Not Too Much,Don Omar,reggaeton,track,2006
Poco A Poco,Jeremías,reggaeton,track,2003
No Haces Na,"Héctor ""El Father""",reggaeton,track,2007
Noche de Terror,"Héctor ""El Father""",reggaeton,track,2004
Quiero,Calle Ciega,reggaeton,track,2005
Traficando A Mi Manera,Arcángel,reggaeton,track,2007
La Gitana,Wisin,reggaeton,track,2004
Vamos Pa' La Disco,Las Guanabanas,reggaeton,track,2005
Oye Donde Esta El Amor,Wisin & Yandel,reggaeton,track,2007
Ahora Es,Wisin & Yandel,reggaeton,track,2007
Voy A Olvidarte,Nigga,reggaeton,track,2007
Tocarte,Plan B,reggaeton,track,2006
Como Los Quiero,Ñejo & Dalmata,reggaeton,track,2007
Me Veo y Te Veo - En Vivo,Alex Campos,reggaeton,track,2006
Increíble,Cabas,reggaeton,track,2005
Rompe - Remix,Daddy Yankee,reggaeton,track,2006
Vuelve A Mi,Magnate Y Valentino,reggaeton,track,2006
La Cama,Alexis y Fido,reggaeton,track,2006
Guerrilla,Julio Voltio,reggaeton,track,2005
Tiburon,"Héctor ""El Father""",reggaeton,track,2006
Junto a Ti - En Vivo,Alex Campos,reggaeton,track,2006
Reggaeton Latino,Don Omar,reggaeton,track,2005
Cuidado,"Héctor ""El Father""",reggaeton,track,2006
Es Mejor Olvidarlo,Zion & Lennox,reggaeton,track,2005
Linda Estrella (feat. Baby Rasta y Gringo),Noriega,reggaeton,track,2004
Andan Diciendo,Arcángel,reggaeton,track,2007
Belly Danza,Don Omar,reggaeton,track,2006
Rakata,Wisin & Yandel,reggaeton,track,2005
Ese Amor,Jowell & Randy,reggaeton,track,2007
Loiza,Tego Calderón,reggaeton,track,2003
Pi-di-di-di,Calle 13,reggaeton,track,2005
Atrévete-Te-Te,Calle 13,reggaeton,track,2005
El Tra,"Tito ""El Bambino""",reggaeton,track,2007
En Su Nota,Don Omar,reggaeton,track,2006
Carita De Angel,Angel Y Khriz,reggaeton,track,2007
Sexy Movimiento,Wisin & Yandel,reggaeton,track,2007
La Busco,"Tito ""El Bambino""",reggaeton,track,2007
Cabe-c-o,Calle 13,reggaeton,track,2005
Miralos,Don Omar,reggaeton,track,2003
Niña,Reik,reggaeton,track,2005
Atrévete-Te-Te,Calle 13,reggaeton,track,2007
Cuéntale,Don Omar,reggaeton,track,2006
Me Muero,Nigga,reggaeton,track,2007
Potrona,Casa De Leones,reggaeton,track,2007
Hello,Zion,reggaeton,track,2006
Rakata,Wisin & Yandel,reggaeton,track,2007
Bailando,Yaga & Mackie,reggaeton,track,2005
Mírala Bien,Wisin & Yandel,reggaeton,track,2005
Te Hice Mujer,Wisin & Yandel,reggaeton,track,2007
Dame Un Poquito,Wisin & Yandel,reggaeton,track,2007
Pelea,Voltio,reggaeton,track,2007
Tu Cuerpo Me Llama,Wisin & Yandel,reggaeton,track,2007
Mi Gatita Y Yo,Las Guanabanas,reggaeton,track,2005
El Kgao,"Héctor ""El Father""",reggaeton,track,2004
Cuarta Nivel,Zion,reggaeton,track,2007
"No Hay Nadie (feat. Victor Manuelle, Yomo)","Héctor ""El Father""",reggaeton,track,2006
Sola,"Héctor ""El Father""",reggaeton,track,2007
Vamos Pa'La Calle,"Héctor ""El Father""",reggaeton,track,2004
Lleva Y Trae,Tego Calderón,reggaeton,track,2003
Guayaquil,Don Omar,reggaeton,track,2003
Periodico De Ayer,Zion,reggaeton,track,2007
Travesuras,Nicky Jam,reggaeton,track,2004
Bajaera De Panties,Jowell & Randy,reggaeton,track,2007
Noche De Sexo,Wisin & Yandel,reggaeton,track,2005
Baílalo Como Tu Quieras,Tego Calderón,reggaeton,track,2004
Besame,Magnate Y Valentino,reggaeton,track,2006
Buscando Calor,Plan B,reggaeton,track,2003
Pidiendo Calor,Wisin & Yandel,reggaeton,track,2007
Levemente,Reik,reggaeton,track,2005
La Jirafa,Calle 13,reggaeton,track,2005
Sacala a Bailar,Jowell & Randy,reggaeton,track,2007
Bajen Pa' Aca,"Héctor ""El Father""",reggaeton,track,2007
Quien No Llora Por Amor,Nigga,reggaeton,track,2007
Mi Cachorrita,Calle Ciega,reggaeton,track,2005
Un Hijo En La Disco (feat. Casa De Leones) - Remix,Jowell & Randy,reggaeton,track,2007
Rakata - Remix,Wisin & Yandel,reggaeton,track,2005
La Recompenza,Don Omar,reggaeton,track,2003
Báilame,Dj Joe,reggaeton,track,2006
Porque Me Tratas Así?,Wisin & Yandel,reggaeton,track,2007
Payaso,Tego Calderón,reggaeton,track,2006
Como Tu No Hay Nadie,Wisin & Yandel,reggaeton,track,2007
No Quiere Novio (feat. Tego Calderón),Ñejo,reggaeton,track,2005
Estas Tentandome,Zion & Lennox,reggaeton,track,2005
TTT Tego (Remix),Tego Calderón,reggaeton,track,2007
Amor Con la Ropa,Sir Speedy,reggaeton,track,2005
Sabanas Blancas,Nicky Jam,reggaeton,track,2004
Pónmela,Voltio,reggaeton,track,2007
Bailando Sola,"Héctor ""El Father""",reggaeton,track,2006
Oh Dios,Tego Calderón,reggaeton,track,2006
No Me La Explota,Tego Calderón,reggaeton,track,2003
Ponte Ahi,Casa De Leones,reggaeton,track,2007
Llamé Pa' Verte (Bailando Sexy),Wisin & Yandel,reggaeton,track,2007
Sabado Rebeide,Daddy Yankee,reggaeton,track,2004
Trambo,Casa De Leones,reggaeton,track,2007
Don't Stop,Zion & Lennox,reggaeton,track,2005
Solo Una Noche,Wisin & Yandel,reggaeton,track,2005
Vicio De Ti,Wisin & Yandel,reggaeton,track,2007
Háblame Claro,Eddie Dee,reggaeton,track,2004
Desde El Bar,Jeremías,reggaeton,track,2003
Tu Me Arrebata,Ñejo,reggaeton,track,2006
Voz Sensual,Big Boy,reggaeton,track,2006
Secreto,"Tito ""El Bambino""",reggaeton,track,2006
La Noche Esta Pa' Jangueo,Tony Dize,reggaeton,track,2006
Pon La Cara,Tego Calderón,reggaeton,track,2006
Perreando - Remix,Don Omar,reggaeton,track,2003
Claro De Luna,Voltio,reggaeton,track,2006
Sacala,Daddy Yankee,reggaeton,track,2005
Sin Exagerar (feat. Tego Calderón),Calle 13,reggaeton,track,2007
Plante Bandera,Tego Calderón,reggaeton,track,2003
Jangueo,Don Omar,reggaeton,track,2006
"Baila Morena (with Luny Tunes, Noriega) - Remix",Hector & Tito,reggaeton,track,2005
Sin El,Wisin & Yandel,reggaeton,track,2005
Me Pones en Tensión,The Noise,reggaeton,track,2004
Tuya Soy,Ivy Queen,reggaeton,track,2003
Que Vas a Hacer,Zion & Lennox,reggaeton,track,2003
Los Cojo Bajando (feat. Yomo Y Polaco),"Héctor ""El Father""",reggaeton,track,2006
Fue W,Wisin,reggaeton,track,2006
Sensación,Wisin & Yandel,reggaeton,track,2005
Ahora Es,Wisin & Yandel,reggaeton,track,2007
Yo Puedo Con Todo,Don Omar,reggaeton,track,2003
Mirala,Ñejo & Dalmata,reggaeton,track,2007
Motivate al Baile,Luny Tunes,reggaeton,track,2003
"Mi Vida (feat.Héctor ""El Father"")",Trebol Clan,reggaeton,track,2004
Atrevete,Wisin & Yandel,reggaeton,track,2006
Bomba,Don Omar,reggaeton,track,2006
Como Toda Una Señora,Dalmata,reggaeton,track,2007
Amor Chiquito,Tecupae,reggaeton,track,2006
Sandungueoso,Tego Calderón,reggaeton,track,2004
Punto Y Coma,Magnate Y Valentino,reggaeton,track,2006
Maldades,"Héctor ""El Father""",reggaeton,track,2007
Yo Sigo Aqui,"Héctor ""El Father""",reggaeton,track,2004
De Ti Me Enamore,Baby Rasta,reggaeton,track,2006
Presión,Wisin & Yandel,reggaeton,track,2007
Yo Te Motivé Mejor Que El,R.K.M & Ken-Y,reggaeton,track,2007
Gracias,Tego Calderón,reggaeton,track,2003
Baila Conmigo,Zion & Lennox,reggaeton,track,2003
Quitarte To,Tego Calderón,reggaeton,track,2007
Beautiful,Don Omar,reggaeton,track,2006
Dentro del Pecho,Tecupae,reggaeton,track,2007
Te Vas,Zion,reggaeton,track,2007
Sueño de Morir - En Vivo,Alex Campos,reggaeton,track,2006
"Baila Morena (with Don Omar, Luny Tunes, Noriega) - Reggaepop Mix",Hector & Tito,reggaeton,track,2005
Comienzo Del Final,Jeremías,reggaeton,track,2007
Sábado en la Noche,Tonny Tun Tun,reggaeton,track,2004
Salte Del Medio,Tego Calderón,reggaeton,track,2003
Yo Quiero Ver,The Noise,reggaeton,track,2004
Me Enamorao,Bacanos,reggaeton,track,2005
Hello Mama,"Héctor ""El Father""",reggaeton,track,2006
Infieles,Don Omar,reggaeton,track,2006
Tango del Pecado,Calle 13,reggaeton,track,2007
Como Te Extraña Mi Cama,Calle Ciega,reggaeton,track,2005
Todo Empezo,Tony Dize,reggaeton,track,2004
La Jirafa,Calle 13,reggaeton,track,2005
Dame Lo Que Quiero (Remix),R.K.M & Ken-Y,reggaeton,track,2007
Vamos A Matarnos En La Raya,"Héctor ""El Father""",reggaeton,track,2005
Bailando Sola,Kartier,reggaeton,track,2005
Rumor de Guerra,"Héctor ""El Father""",reggaeton,track,2007
Intro Los Extraterrestres,Wisin & Yandel,reggaeton,track,2007
Mirandonos,"Héctor ""El Father""",reggaeton,track,2004
Manigueta,Wisin & Yandel,reggaeton,track,2005
La Ex,Alexis y Fido,reggaeton,track,2006
Dime Quienes Son,Wisin & Yandel,reggaeton,track,2007
Bonsai,Tego Calderón,reggaeton,track,2003
Restralla,"Franco ""El Gorilla""",reggaeton,track,2005
Hay Otro en Mi Vida,La Factoria,reggaeton,track,2007
Triste Y Sola,Ñejo & Dalmata,reggaeton,track,2007
Escápate,Nigga,reggaeton,track,2007
Say Hoo,Yandel,reggaeton,track,2003
El Telefono,"Héctor ""El Father""",reggaeton,track,2007
Sácala - Version Corta,"Héctor ""El Father""",reggaeton,track,2007
Tú Sabes,Luny Tunes,reggaeton,track,2003
Lento,Wisin & Yandel,reggaeton,track,2005
Yo Voy a Llegar,Zion,reggaeton,track,2006
5 Minutos,Naldo,reggaeton,track,2005
Noche De Entierro,Daddy Yankee,reggaeton,track,2007
Vengan Donde Mi,"Héctor ""El Father""",reggaeton,track,2006
Baílalo Como Tu Quieras,Tego Calderón,reggaeton,track,2003
Que Lloren,Ivy Queen,reggaeton,track,2007
Sexy Movimiento,Wisin & Yandel,reggaeton,track,2007
Toma,"Franco ""El Gorilla""",reggaeton,track,2006
Bailando Sola,Don Omar,reggaeton,track,2006
Amor,Zion,reggaeton,track,2007
Viviendo En Guerra,"Héctor ""El Father""",reggaeton,track,2006
Lo Lamento,Tego Calderón,reggaeton,track,2003
The Way She Moves,Zion,reggaeton,track,2007
Punto Y Aparte,Tego Calderón,reggaeton,track,2006
El Mellao,Voltio,reggaeton,track,2007
Tabla,Wisin & Yandel,reggaeton,track,2005
Quiero Tenerte,Zion & Lennox,reggaeton,track,2004
Ya Me Voy,Wisin & Yandel,reggaeton,track,2007
Yo Te Quiero,Wisin,reggaeton,track,2007
Que Vayas Con Dios,Big Boy,reggaeton,track,2006
A Mi Papa,Tego Calderón,reggaeton,track,2006
Esto Es Perreo,Casa De Leones,reggaeton,track,2007
Gata Michu Michu,"Héctor ""El Father""",reggaeton,track,2004
La Hormiga Brava,Calle 13,reggaeton,track,2005
Tus Ojos,Tego Calderón,reggaeton,track,2003
Las Solteras,Mach & Daddy,reggaeton,track,2005
Sobrenatural,Alexis y Fido,reggaeton,track,2007
Carita De Angel,Angel Y Khriz,reggaeton,track,2007
Llamé Pa' Verte (Bailando Sexy),Wisin & Yandel,reggaeton,track,2005
"Outro ""Hipocritas""","Héctor ""El Father""",reggaeton,track,2006
Lo Hecho Hecho Esta,Tego Calderón,reggaeton,track,2007
Jangueo,Don Omar,reggaeton,track,2006
La Envidia (feat. Polaco),"Héctor ""El Father""",reggaeton,track,2006
Salió El Sol,Don Omar,reggaeton,track,2006
Intocable - Remix,Don Omar,reggaeton,track,2003
Agresivo II,Jowell & Randy,reggaeton,track,2007
Pasarela (feat. Dalmata),DJ Nelson,reggaeton,track,2007
De Qué Vale,Alex Gargolas,reggaeton,track,2006
Pegao,Wisin & Yandel,reggaeton,track,2006
Me Enamoré,Tecupae,reggaeton,track,2007
Tu,Jeremías,reggaeton,track,2007
No Es Lo Mismo,Ñejo & Dalmata,reggaeton,track,2007
Pasto y Pelea,Don Omar,reggaeton,track,2003
A Veces Pienso,Casa De Leones,reggaeton,track,2007
En Busca De Ti,"Héctor ""El Father""",reggaeton,track,2006
Me dijo,Alex Campos,reggaeton,track,2006
Ahora Son Mejor,Don Omar,reggaeton,track,2006
Infieles,Don Omar,reggaeton,track,2006
He Chocado Con La Vida,Big Boy,reggaeton,track,2006
Candela,Don Omar,reggaeton,track,2006
Fans,"Tito ""El Bambino""",reggaeton,track,2007
Pa'l Norte (feat. Orishas),Calle 13,reggaeton,track,2007
Agárrala (feat. Don Omar),Trebol Clan,reggaeton,track,2004
Bomba,Don Omar,reggaeton,track,2006
La Cadena De Oro,Cabas,reggaeton,track,2005
Intro,Tego Calderón,reggaeton,track,2003
Los Hombres Tienen La Culpa,Don Omar,reggaeton,track,2006
"Ahora Es Que Es ""Paola""","Héctor ""El Father""",reggaeton,track,2006
Intro - Predica,Don Omar,reggaeton,track,2006
Calle Callejero,Wisin & Yandel,reggaeton,track,2005
Soy De La Calle,Wisin & Yandel,reggaeton,track,2006
Vestido Blanco,Yaga & Mackie,reggaeton,track,2005
Guayale el Mahon,Wisin & Yandel,reggaeton,track,2003
Intro los Capo (Radio Version),"Héctor ""El Father""",reggaeton,track,2007
No Te Pongas Brava,Tonny Tun Tun,reggaeton,track,2004
La Era de la Copiaera,Calle 13,reggaeton,track,2007
Besame,Zion,reggaeton,track,2007
Si Estoy Facil,Hector & Tito,reggaeton,track,2005
Tu Pa Mi,Tego Calderón,reggaeton,track,2007
Tú Y Yo,Hector & Tito,reggaeton,track,2005
Pegao - Remix,Wisin & Yandel,reggaeton,track,2007
Los Mios,Tego Calderón,reggaeton,track,2007
El Telefono,"Héctor ""El Father""",reggaeton,track,2007
El Lobo (feat. Hector 'El Father' & Baby Rasta),Alexis y Fido,reggaeton,track,2005
Animo,Wisin & Yandel,reggaeton,track,2007
Se Activaron los Pistoleros,Wisin & Yandel,reggaeton,track,2003
Te Eh Querido,Ivy Queen,reggaeton,track,2006
Primero Bailalo,Jowell & Randy,reggaeton,track,2007
Cuando Tú Te Vas,Servando & Florentino,reggaeton,track,2006
Mami Yo Quisiera Quedarme,Yandel,reggaeton,track,2003
Playa Fo Sho (feat. Magic Juan),Toby Love,reggaeton,track,2007
Perdóname,Voltio,reggaeton,track,2007
Solo Mirame,Tony Dize,reggaeton,track,2004
Mil Horas (D.r.),Magic Juan,reggaeton,track,2004
Gata Celosa - En Vivo,Hector & Tito,reggaeton,track,2005
Aprovechalo,Wisin & Yandel,reggaeton,track,2007
Sexy Movimiento,Wisin & Yandel,reggaeton,track,2007
Cerca de mi Neighborhood,Tego Calderón,reggaeton,track,2004
La Balada De Nigga,Nigga,reggaeton,track,2007
Yo Quiero,Wisin & Yandel,reggaeton,track,2005
Gritarle,Nigga,reggaeton,track,2007
Tiembla,"Franco ""El Gorilla""",reggaeton,track,2006
"Corre Píllala (feat. Jomar & Héctor ""El Father"")",Trebol Clan,reggaeton,track,2004
Pierdo La Cabeza,Zion,reggaeton,track,2004
Entre Tu y Yo,Don Omar,reggaeton,track,2006
Y Voy Amarte,Tecupae,reggaeton,track,2006
Sin Querer,Bacanos,reggaeton,track,2003
Tu y Yo - Bachata,Calle Ciega,reggaeton,track,2006
"Lento, Lento, Lento",Alexis y Fido,reggaeton,track,2007
Dale Mas,Tony Dize,reggaeton,track,2006
La Paga,Tonny Tun Tun,reggaeton,track,2004
En Busca de un Caldo,Wisin,reggaeton,track,2004
La Aguacatona,Calle 13,reggaeton,track,2005
Muevete y Perrea,Alex Gargolas,reggaeton,track,2003
Solo Doy Cariño,Tonny Tun Tun,reggaeton,track,2004
Yo Te Quiero - Remix,Wisin & Yandel,reggaeton,track,2007
Playa Fa Sho',Toby Love,reggaeton,track,2006
Bien Sudao',Tony Dize,reggaeton,track,2007
Algo Con-Sentido (feat. pg-13),Calle 13,reggaeton,track,2007
La Gata Suelta,Luny Tunes,reggaeton,track,2003
Desde Lejos,Nigga,reggaeton,track,2007
Mírala Bien,Wisin & Yandel,reggaeton,track,2007
Vamo Animal,Calle 13,reggaeton,track,2005
La Distancia,Arcángel,reggaeton,track,2007
Tengo Hambre,Calle 13,reggaeton,track,2005
Mi Nena,Don Omar,reggaeton,track,2007
No Sufras Por Ella (feat. Toño Rosario),Tego Calderón,reggaeton,track,2004
Angelito,Don Omar,reggaeton,track,2006
Regreso a Ti - En Vivo,Alex Campos,reggaeton,track,2006
Peligrosa (feat. Nejo & Dalmata),DJ Nelson,reggaeton,track,2007
Maniatica Sexual,Lito y Polaco,reggaeton,track,2006
Zion y Lennox,Zion & Lennox,reggaeton,track,2004
A Romper la Disco,Daddy Yankee,reggaeton,track,2005
Bella Dama,Luny Tunes,reggaeton,track,2003
Round 3,"Franco ""El Gorilla""",reggaeton,track,2006
Sientan El Ran Tan Tan,Hector & Tito,reggaeton,track,2005
Tú Me Pones Mal,Luny Tunes,reggaeton,track,2003
Atrévete-Te-Te,Calle 13,reggaeton,track,2005
La Camella,Wisin,reggaeton,track,2004
Jangueo,Wisin & Yandel,reggaeton,track,2007
A Que No Te Atreves,Alex Gargolas,reggaeton,track,2003
Boom Bye Bye,"Héctor ""El Father""",reggaeton,track,2006
El Booty,Wisin & Yandel,reggaeton,track,2004
Amor Primero,Reik,reggaeton,track,2005
"Ahora (Remix) (feat. Angel Doze, Voltio & John Erick)",Zion & Lennox,reggaeton,track,2005
Royal Rumble (Se Van),Daddy Yankee,reggaeton,track,2007
Puedo Imaginarme,Triple Seven,reggaeton,track,2005
Eléctrico,Calle 13,reggaeton,track,2005
Dejame Entrar a Tu Corazon,Calle Ciega,reggaeton,track,2005
Ella Quiere,Alex Gargolas,reggaeton,track,2006
Dale,Wisin & Yandel,reggaeton,track,2005
Aprieta,"Héctor ""El Father""",reggaeton,track,2006
Carinito,Fanny Lu,reggaeton,track,2005
We Got The Crown (feat. Aventura),Tego Calderón,reggaeton,track,2004
Si Te Llegaras a Ir,Tecupae,reggaeton,track,2006
Pa Que Se Activen,Tego Calderón,reggaeton,track,2003
La Pagarás,La Factoria,reggaeton,track,2006
Voy A La Disco,Baby Rasta,reggaeton,track,2007
Bandida (Remix),Zion & Lennox,reggaeton,track,2005
Si Te Preguntan,Luny Tunes,reggaeton,track,2003
Como Quisiera,Servando & Florentino,reggaeton,track,2006
Tú Te Crees,Voltio,reggaeton,track,2007
Te Encontrare (feat. Tito el Bambino),Noriega,reggaeton,track,2004
Menor Que Yo,Ivy Queen,reggaeton,track,2007
Conteo - Fast And The Furious: Tokyo Drift Version,Don Omar,reggaeton,track,2006
Cuéntale,Don Omar,reggaeton,track,2006
Vamo Alla,"Héctor ""El Father""",reggaeton,track,2006
Esta Noche Hay Pelea,Wisin & Yandel,reggaeton,track,2003
Te Ando Buscando,Jowell & Randy,reggaeton,track,2007
Déjame Vivir,La Factoria,reggaeton,track,2006
Lo Que Yo Quiero,Jeremías,reggaeton,track,2003
Tumbando Fronte,Alberto Stylee,reggaeton,track,2006
Enamorado,"Tito ""El Bambino""",reggaeton,track,2007
Ojitos Chiquitos,Don Omar,reggaeton,track,2006
Dulce,Alexis y Fido,reggaeton,track,2006
Dale Con Pepa,Dj Joe,reggaeton,track,2006
Hay Un Amor Afuera,Jeremías,reggaeton,track,2006
Métele Perro,Luny Tunes,reggaeton,track,2003
Sensual Bebe,Yaviah,reggaeton,track,2003
Pegate,Wisin & Yandel,reggaeton,track,2003
Uiyi Guaye,Calle 13,reggaeton,track,2007
Tu - Alternative Version,Jeremías,reggaeton,track,2007
Cual Es El Plan Y Eso,Tego Calderón,reggaeton,track,2007
Eres una Bendición,Tonny Tun Tun,reggaeton,track,2004
Yo Quisiera,Ñejo & Dalmata,reggaeton,track,2007
Amarga Vida,Don Omar,reggaeton,track,2006
Pa' La Tumba,"Héctor ""El Father""",reggaeton,track,2007
Here We Go Yo,"Héctor ""El Father""",reggaeton,track,2006
Tu Cuerpo Quiero Tocar,Baby Rasta y Gringo,reggaeton,track,2003
Te Encontre,"Héctor ""El Father""",reggaeton,track,2006
Te Arrepentirás,Fanny Lu,reggaeton,track,2005
La Rockera,Wisin & Yandel,reggaeton,track,2003
Amor De Mis Amores,Cabas,reggaeton,track,2006
En Peligro de Extinción (feat. Eddie Dee),Tego Calderón,reggaeton,track,2004
Hace Tiempo,Zion & Lennox,reggaeton,track,2004
Nadie Como Tu,Wisin & Yandel,reggaeton,track,2007
Mataron Un Inocente,Hector & Tito,reggaeton,track,2005
Si Pudiera Cambiar Tu Vida,Tonny Tun Tun,reggaeton,track,2004
Sientelo,Sir Speedy,reggaeton,track,2005
Ella Y Yo - En Directo,Don Omar,reggaeton,track,2007
Un Viaje,Yandel,reggaeton,track,2006
Repórtense,Don Omar,reggaeton,track,2006
Suéltate,Yaga & Mackie,reggaeton,track,2007
Ya Me Cansé,Yandel,reggaeton,track,2003
Con Ella Me Quedare,Alex Gargolas,reggaeton,track,2006
Quítate la Ropa (feat. Tony Dyze),Noriega,reggaeton,track,2004
No Mames Guey,"Héctor ""El Father""",reggaeton,track,2006
Machete - Remix,Daddy Yankee,reggaeton,track,2005
Seré Yo,Zion,reggaeton,track,2007
Yo Quiero Ver,Baby Rasta y Gringo,reggaeton,track,2004
El Tiburon,Alexis y Fido,reggaeton,track,2006
Déjate Querer,Tecupae,reggaeton,track,2006
En la Cama,Nicky Jam,reggaeton,track,2004
Suave,Calle 13,reggaeton,track,2007
Fiera Callada,Magnate Y Valentino,reggaeton,track,2006
Paleta,Wisin & Yandel,reggaeton,track,2005
Este Party Va,Yaviah,reggaeton,track,2004
Slow Bow (feat. Mafu Crew),Boy Wonder CF,reggaeton,track,2003
Ni Fu Ni Fa,Tego Calderón,reggaeton,track,2007
Quiero Conocerte,R.K.M & Ken-Y,reggaeton,track,2006
Cuando Estás Conmigo,Reik,reggaeton,track,2005
La Compañía,Wisin & Yandel,reggaeton,track,2005
Las Solteras,Mach & Daddy,reggaeton,track,2005
Dime - Bachata Remix,Ivy Queen,reggaeton,track,2005
Se Vale To-To,Calle 13,reggaeton,track,2007
Decídete,Funky,reggaeton,track,2006
Una Noche Mas,Wisin & Yandel,reggaeton,track,2007
En Su Nota,Don Omar,reggaeton,track,2006
Trayectoria (Remix),Zion & Lennox,reggaeton,track,2005
Ronca - En Directo,Don Omar,reggaeton,track,2007
Quisiera,Luny Tunes,reggaeton,track,2003
No Se,Wisin,reggaeton,track,2004
Te Vas (Remix),R.K.M & Ken-Y,reggaeton,track,2007
Tu Corazon Ya No Aguanta Pela - Live,Vico C,reggaeton,track,2006
Intro (Si Me Matan),Alexis y Fido,reggaeton,track,2007
Como Mi Nena No Hay,Sir Speedy,reggaeton,track,2003
Abusando del Género (Intro),Dj Joe,reggaeton,track,2006
Dale Con Presion,Casa De Leones,reggaeton,track,2007
Mentirosa,Tecupae,reggaeton,track,2006
Tú Anda Sola,Luny Tunes,reggaeton,track,2003
Ahí Voy Yo,Magnate Y Valentino,reggaeton,track,2006
Títere,Wisin & Yandel,reggaeton,track,2005
Perfume,Nova y Jory,reggaeton,track,2007
Esa Nena Me Vuelve Loco,Big Boy,reggaeton,track,2006
El Truco - Live,Daddy Yankee,reggaeton,track,2005
Desafio - Remix,Alexis y Fido,reggaeton,track,2005
Intro- El Rey,Don Omar,reggaeton,track,2006
Bachatealo,Zion & Lennox,reggaeton,track,2005
Pegala,Alex Gargolas,reggaeton,track,2003
Que Dios Te Castique,Joey Montana,reggaeton,track,2007
Tocale Bocina,Alexis y Fido,reggaeton,track,2006
Descontrolate,Zion & Lennox,reggaeton,track,2004
No Pierdas Tiempo,Wisin & Yandel,reggaeton,track,2003
She Likes My Reggae - Live From Puerto Rico/2006,Vico C,reggaeton,track,2006
De Qué Sirve,Reik,reggaeton,track,2006
Mi Maestro,Funky,reggaeton,track,2004
Dime Si Recuerdas - Bachata Mix,Ivy Queen,reggaeton,track,2007
Traicionera,Bacanos,reggaeton,track,2005
Dime Si Te Pongo Mal,Hector & Tito,reggaeton,track,2003
Yo Sé Que Tiemblas,Voltio,reggaeton,track,2007
Imaginate,Wisin & Yandel,reggaeton,track,2007
Con Mi Reggae Muero,Wisin & Yandel,reggaeton,track,2003
Candela,Don Omar,reggaeton,track,2006
La Madre De Los Enanos,Calle 13,reggaeton,track,2005
Fuera De Base,Wisin & Yandel,reggaeton,track,2005
No Sé Si Es Amor,Reik,reggaeton,track,2005
Me Quema,Servando & Florentino,reggaeton,track,2006
Wisin Matalos,Wisin,reggaeton,track,2004
La Tripleta,Calle 13,reggaeton,track,2005
Duelo,"Tito ""El Bambino""",reggaeton,track,2005
Donde Esta El Amor,Big Boy,reggaeton,track,2006
En Que Fallamos,Ivy Queen,reggaeton,track,2007
Salio El Sol - Radio Edit,Don Omar,reggaeton,track,2006
Por Mi Reggae Muero,Wisin & Yandel,reggaeton,track,2006
No Vuelvo Pa’trás,Funky,reggaeton,track,2006
Viernes 13,Vico C,reggaeton,track,2007
Reza por Mi,Ivy Queen,reggaeton,track,2007
Dale,La Factoria,reggaeton,track,2006
El Que No Lucha No Avanza,Tego Calderón,reggaeton,track,2007
Vivito y Coleando,Eddie Dee,reggaeton,track,2003
Cojela Que Va Sin Jockey,Daddy Yankee,reggaeton,track,2006
Me Dijeron Que Estas Suelta?,Dalmata,reggaeton,track,2003
Chango Blanco,Tego Calderón,reggaeton,track,2006
También La Quiero A Ella,Nigga,reggaeton,track,2007
Bum Bye Bye,Angel Doze,reggaeton,track,2006
Dembow (Remix),Yandel,reggaeton,track,2003
Amores Como El Tuyo,Toby Love,reggaeton,track,2006
Amar Es,Magnate,reggaeton,track,2007
Sin Coro,Calle 13,reggaeton,track,2005
Acomodate,Tony Dize,reggaeton,track,2007
Igual Que Ayer (Remix),R.K.M & Ken-Y,reggaeton,track,2007
Guasa Guasa,Tego Calderón,reggaeton,track,2004
Soledad,Don Omar,reggaeton,track,2004
Si Supieras,"Héctor ""El Father""",reggaeton,track,2006
Perdoname,Zion & Lennox,reggaeton,track,2004
Dejate Llevar,Kartier,reggaeton,track,2006
La Calle Me Llama,Alexis y Fido,reggaeton,track,2006
La Calle Llora,Cosculluela,reggaeton,track,2007
Tango del Pecado (feat. Bajofondo Tango Club & Panasuyo),Calle 13,reggaeton,track,2007
Te Tiro Solo,Polaco,reggaeton,track,2003
Las Cosas Cambiaron,Wisin & Yandel,reggaeton,track,2007
Explosion Vico C Aquel Que Habia Muerto,Vico C,reggaeton,track,2003
Brotis (feat. Don Chezina),Las Guanabanas,reggaeton,track,2004
Quizas - DJ Kazzanova Mix,Tony Dize,reggaeton,track,2007
Como Estas,Perreke,reggaeton,track,2006
Besame,Xavi The Destroyer,reggaeton,track,2003
Tengo un Amor,Toby Love,reggaeton,track,2006
Clack Clack,Angel Doze,reggaeton,track,2006
Atrévete,Wisin & Yandel,reggaeton,track,2007
Paleta,Wisin & Yandel,reggaeton,track,2007
Pidiendo Calor,Wisin & Yandel,reggaeton,track,2007
Tu y Yo,"Héctor ""El Father""",reggaeton,track,2004
Sigue Ahi,Zion,reggaeton,track,2006
Baby Rasta & Gringo: Tu Te Entregas A Mi,DJ Nelson,reggaeton,track,2005
Tu Principe - Live,Daddy Yankee,reggaeton,track,2005
Delirando,Wisin,reggaeton,track,2007
Piden Reggaeton,Angel Y Khriz,reggaeton,track,2006
Slo Mo',Tego Calderón,reggaeton,track,2006
Tu y Yo,Cheka,reggaeton,track,2003
AlTaller del maestro,Alex Campos,reggaeton,track,2006
Por Mi Madre,Tego Calderón,reggaeton,track,2007
Una Canción Que Te Enamore - Versión Salsa,Servando & Florentino,reggaeton,track,2006
Mal de Amores (feat. Nejo),DJ Nelson,reggaeton,track,2007
Mienteme,Ñejo & Dalmata,reggaeton,track,2007
Violento,Ñejo & Dalmata,reggaeton,track,2007
Belly Danza,Don Omar,reggaeton,track,2006
Calientame,Wisin & Yandel,reggaeton,track,2004
Let Me Know,Yaga & Mackie,reggaeton,track,2005
Llegale,"Héctor ""El Father""",reggaeton,track,2004
Mil Cosas,Tego Calderón,reggaeton,track,2006
Solo Una Noche,Wisin & Yandel,reggaeton,track,2005
Solo una Noche,Tonny Tun Tun,reggaeton,track,2004
Provócandome,Don Omar,reggaeton,track,2005
No Seas Niña,Luny Tunes,reggaeton,track,2003
Atrévete-Te-Te,Calle 13,reggaeton,track,2007
Extremidades,Tego Calderón,reggaeton,track,2006
Control,Wisin & Yandel,reggaeton,track,2007
Vamo Alla,Sir Speedy,reggaeton,track,2005
Como Me Llamo Yo?,Tego Calderón,reggaeton,track,2006
Yo Te Quiero,Wisin & Yandel,reggaeton,track,2007
Siente el Calor,Wisin,reggaeton,track,2004
Intro los Capo (Original Version),Voltio,reggaeton,track,2007
Somos Tal Para Cual (feat. Los Yetzons),Alexis y Fido,reggaeton,track,2007
El Avión Se Cae,Calle 13,reggaeton,track,2007
Empiezo La Accion,Tempo,reggaeton,track,2004
Dimelo - En Vivo,Alex Campos,reggaeton,track,2006
Sola - Bachata Remix,"Héctor ""El Father""",reggaeton,track,2007
Bailando Sola,Don Omar,reggaeton,track,2006
En Trato De Preferencia,Tego Calderón,reggaeton,track,2004
La Hormiga Brava,Calle 13,reggaeton,track,2007
Hoy Te Vi,R.K.M & Ken-Y,reggaeton,track,2007
Intocable,Don Omar,reggaeton,track,2005
La Vaquera,Wisin & Yandel,reggaeton,track,2003
Habre La Puerta,Zion,reggaeton,track,2007
Vicio De Ti,Wisin & Yandel,reggaeton,track,2007
Quien Decide es el Amor,Reik,reggaeton,track,2006
Un Beso de Desayuno,Calle 13,reggaeton,track,2007
Perreandote,Plan B,reggaeton,track,2005
Como Me Duele (Remix),La Factoria,reggaeton,track,2006
Hoy Vamos A Ver,Trebol Clan,reggaeton,track,2004
Elegante De Boutique,Tego Calderón,reggaeton,track,2004
Anda,Magnate Y Valentino,reggaeton,track,2005
Duro Mueven,"Franco ""El Gorilla""",reggaeton,track,2006
Buscando Placer,Nicky Jam,reggaeton,track,2003
Historia del Venezolano,Servando & Florentino,reggaeton,track,2006
No Hay Tiempo Para Llorar,Big Boy,reggaeton,track,2006
Nube de colores,Alex Campos,reggaeton,track,2006
No Dejes Que Se Muera,Zion & Lennox,reggaeton,track,2004
Deja Quitarte La Ropa,Dalmata,reggaeton,track,2006
Tú y Yo,Alex Gargolas,reggaeton,track,2003
Furia de Mentira,Tego Calderón,reggaeton,track,2003
Ivy Queen: Yo Quiero Saber,DJ Nelson,reggaeton,track,2005
Intro - Predica,Don Omar,reggaeton,track,2006
Deja Quitarte La Ropa,Dalmata,reggaeton,track,2006
Don't Cry (La Niña Que Soñe) (feat. Alexis & Fido) - Scarlito Remix,Toby Love,reggaeton,track,2007
El Celular,Magic Juan,reggaeton,track,2007
Tu Cuerpo Me Llama,Wisin,reggaeton,track,2004
En Busca De Ti,"Héctor ""El Father""",reggaeton,track,2007
Cumbia de los Aburridos,Calle 13,reggaeton,track,2007
Preparte,Zion & Lennox,reggaeton,track,2004
Vico C Maria Reggaeton Mix,Vico C,reggaeton,track,2003
Solo Una Noche,Wisin & Yandel,reggaeton,track,2007
Me Acordaré de Ti,Fanny Lu,reggaeton,track,2005
See You Mami,Ñejo & Dalmata,reggaeton,track,2007
Agarrate,"Héctor ""El Father""",reggaeton,track,2004
Yo Te Quiero,Wisin & Yandel,reggaeton,track,2007
Vuelve pronto,Alex Campos,reggaeton,track,2006
A Que no Me Duras,Alexis y Fido,reggaeton,track,2007
Disimúlalo,Magnate,reggaeton,track,2006
La Otra,Ivy Queen,reggaeton,track,2003
Tu Cuerpo Me Esta Tentando,"Héctor ""El Father""",reggaeton,track,2004
Just Like Sexo,Dalmata,reggaeton,track,2007
Ayer La Vi - DJ Kazzanova Mix,Don Omar,reggaeton,track,2007
Advertios' Estan,Jowell & Randy,reggaeton,track,2007
"Uaa, Uaa","Héctor ""El Father""",reggaeton,track,2006
Let's Do It,Jowell & Randy,reggaeton,track,2007
Comprenderas,Tego Calderón,reggaeton,track,2006
Mi Fiesta - En Vivo,Alex Campos,reggaeton,track,2006
Salio El Sol - Radio Edit,Don Omar,reggaeton,track,2006
"Enamorate (feat. Yaga, Mackie)",Zion & Lennox,reggaeton,track,2004
Asi Es La Vida,Ñejo & Dalmata,reggaeton,track,2007
El Telefono,"Héctor ""El Father""",reggaeton,track,2006
Ahora (feat. Angel Doze),Zion & Lennox,reggaeton,track,2005
Salió El Sol - En Directo,Don Omar,reggaeton,track,2007
Quiero Bailar,Ivy Queen,reggaeton,track,2005
Te Pase el Rolo,Alexis y Fido,reggaeton,track,2006
Vacia,"Héctor ""El Father""",reggaeton,track,2006
Te Encontrare,"Tito ""El Bambino""",reggaeton,track,2006
Ola,Wisin & Yandel,reggaeton,track,2003
Oye Donde Esta El Amor,Wisin & Yandel,reggaeton,track,2007
Te Vas,"Héctor ""El Father""",reggaeton,track,2007
Ven A Mí,Cheka,reggaeton,track,2007
Mi Fanatica,De La Ghetto,reggaeton,track,2007
La Chinita de los Ojos Cafés,Golpe a Golpe,reggaeton,track,2007
Rakata - Hip Hop Remix,Wisin & Yandel,reggaeton,track,2005
"El Cantante (feat. Tego Calderon, Voltio)",Zion & Lennox,reggaeton,track,2004
Eres mi sol,Alex Campos,reggaeton,track,2005
Motivando la Yal (Intro),Zion & Lennox,reggaeton,track,2004
Llevatelo Todo,Tego Calderón,reggaeton,track,2006
Novio Imaginario,"Tito ""El Bambino""",reggaeton,track,2007
No Pares,Zion & Lennox,reggaeton,track,2004
Mi Chica Rebelde,"Tito ""El Bambino""",reggaeton,track,2006
Maldades Remix,"Héctor ""El Father""",reggaeton,track,2007
Celda Fria,Toby Love,reggaeton,track,2006
La Que Noquea (feat. Ariel “El Puro”),"Héctor ""El Father""",reggaeton,track,2006
Intro,Daddy Yankee,reggaeton,track,2005
Intro,Alex Gargolas,reggaeton,track,2006
Cuidado,"Héctor ""El Father""",reggaeton,track,2007
Guata Gatas,Hector & Tito,reggaeton,track,2005
Ay De Mi!,Baby Rasta,reggaeton,track,2006
No Quisiera Dejarte,Yaga & Mackie,reggaeton,track,2004
Como Tu No Hay Nadie,Wisin & Yandel,reggaeton,track,2007
Yo Soy Tu Hombre,Zion & Lennox,reggaeton,track,2003
Hagamos El Amor,Zion,reggaeton,track,2007
Dime Quienes Son,Wisin & Yandel,reggaeton,track,2007
Te Quiero Ver,Luny Tunes,reggaeton,track,2003
Quiereme Como Soy,Tego Calderón,reggaeton,track,2007
Te la Presento,Las Guanabanas,reggaeton,track,2004
Guillaera,Ivy Queen,reggaeton,track,2003
Solo Dime Que Si,"Tito ""El Bambino""",reggaeton,track,2007
Papi Te Quiero,Ivy Queen,reggaeton,track,2004
"Se Va, Se Va",Ñejo & Dalmata,reggaeton,track,2007
Dembow,Wisin & Yandel,reggaeton,track,2003
Shorty - Radio Edit,Casa De Leones,reggaeton,track,2007
A Que No Te Atreves,"Tito ""El Bambino""",reggaeton,track,2005
Por Alla Por Donde Vivo,Ñejo & Dalmata,reggaeton,track,2007
Ojitos Chiquitos - En Directo,Don Omar,reggaeton,track,2007
Que Siga La Fiesta,Funky,reggaeton,track,2004
Vente Conmigo,Daddy Yankee,reggaeton,track,2004
Dos Guillao,Tego Calderón,reggaeton,track,2005
El Palo,Alexis y Fido,reggaeton,track,2006
Oh Mami,Zion,reggaeton,track,2007
Tu Cuerpo Me Llama,Wisin & Yandel,reggaeton,track,2007
Alocate,Zion,reggaeton,track,2007
Don't Cry (La Niña Que Soñe),Toby Love,reggaeton,track,2006
Voy A Mi,"Tito ""El Bambino""",reggaeton,track,2007
Olvídate De'so (feat. Ñejo Y Dálmata),Alexis y Fido,reggaeton,track,2007
Nena Linda,Magnate,reggaeton,track,2007
La Gitana,Wisin,reggaeton,track,2004
Tengo Un Amor (feat. Rakim & Ken-Y) - Scarlito R&B Remix Clean Version,Toby Love,reggaeton,track,2007
La Conspiracion,Nicky Jam,reggaeton,track,2003
La Cola,"Héctor ""El Father""",reggaeton,track,2005
Haciendo el Amor,Yaga & Mackie,reggaeton,track,2004
El Tren,Yaga & Mackie,reggaeton,track,2005
Caribe Soy,Cabas,reggaeton,track,2005
Presión,Wisin & Yandel,reggaeton,track,2007
Tu Te Entregas a Mi,Baby Rasta y Gringo,reggaeton,track,2004
Anoche Llegaste Tarde Invitado: Roberto Orellana,Funky,reggaeton,track,2004
Dios creó,Alex Campos,reggaeton,track,2005
Fria,"Héctor ""El Father""",reggaeton,track,2006
Amiga De Ti Me Enamore,Baby Rasta,reggaeton,track,2006
Bailarlo,"Tito ""El Bambino""",reggaeton,track,2007
Mundo Artificial,Ñejo & Dalmata,reggaeton,track,2007
Gata Psycho,Wibal Y Alex,reggaeton,track,2005
Te Buscaré,Servando & Florentino,reggaeton,track,2006
Ven Esta Noche,Kartier,reggaeton,track,2004
Allí esta El,Alex Campos,reggaeton,track,2006
Your Body,Zion,reggaeton,track,2007
Hello Mama,"Héctor ""El Father""",reggaeton,track,2006
Sueltas,Trebol Clan,reggaeton,track,2004
Te Hice Mujer,Wisin & Yandel,reggaeton,track,2007
Khriz y Angel,Angel Y Khriz,reggaeton,track,2003
Dale La Mano - Remix,Funky,reggaeton,track,2004
Pensando en Ti,Ken-Y,reggaeton,track,2006
Bomba Para Afincar - Live From Puerto Rico/2006,Vico C,reggaeton,track,2006
Imposible Ignorarte,Yaga & Mackie,reggaeton,track,2005
Ven a Guayar,Angel Doze,reggaeton,track,2003
Lo Que Buscas de Mí - En Vivo,Alex Campos,reggaeton,track,2006
"Ahora Es Que Es ""Paola""","Héctor ""El Father""",reggaeton,track,2007
Dime,Nigga,reggaeton,track,2007
Eh Verda,Magnate,reggaeton,track,2007
3 Semanas y 4 Días,Tecupae,reggaeton,track,2006
Pon Atención,Funky,reggaeton,track,2004
"Hasta Abajo (feat. John Erick, Voltio)",Zion & Lennox,reggaeton,track,2004
Mi Libertad,Servando & Florentino,reggaeton,track,2003
Riendo para No Llorar,Wisin,reggaeton,track,2004
Un Juego,Alex Gargolas,reggaeton,track,2006
En la Disco Me Conocio,Yandel,reggaeton,track,2003
Conteo - Fast And The Furious: Tokyo Drift Version,Don Omar,reggaeton,track,2006
Ya Me Voy,Wisin & Yandel,reggaeton,track,2007
Sentirte,Nicky Jam,reggaeton,track,2006
Pinta el mundo,Alex Campos,reggaeton,track,2005
Nadie Como Tu - En Vivo,Wisin & Yandel,reggaeton,track,2007
Saquen los Fulls,Wisin,reggaeton,track,2004
Me Da Miedo,"Tito ""El Bambino""",reggaeton,track,2006
Imaginate,Wisin & Yandel,reggaeton,track,2007
Mírame,Zion & Lennox,reggaeton,track,2004
Especie En Peligro,Funky,reggaeton,track,2004
Mas Perreo,Las Guanabanas,reggaeton,track,2005
Dile,Calle Ciega,reggaeton,track,2007
Sal a la Disco,Angel Doze,reggaeton,track,2004
Candela,Don Omar,reggaeton,track,2006
Pegate,Zion & Lennox,reggaeton,track,2005
Beautiful,Don Omar,reggaeton,track,2007
Me Estas Matando,Funky,reggaeton,track,2006
Un Viaje - Remix,Yandel,reggaeton,track,2007
"Bureo, Bureo",Tego Calderón,reggaeton,track,2006
Te Aseguro,Big Boy,reggaeton,track,2006
Dile,Don Omar,reggaeton,track,2005
Intro (Pa' Mi Ponce),Casa De Leones,reggaeton,track,2007
Se Comenta por Ahi,The Noise,reggaeton,track,2004
Vamonos a fuego,"Héctor ""El Father""",reggaeton,track,2004
Porque Te Amo,Calle Ciega,reggaeton,track,2005
Intro Los Extraterrestres,Wisin & Yandel,reggaeton,track,2007
Sabanas Blancas,Daddy Yankee,reggaeton,track,2006
Tumba El Fronte,Alexis y Fido,reggaeton,track,2007
Dame D' Eso,Andy Boy,reggaeton,track,2006
Todavía Hay Esperanza,Servando & Florentino,reggaeton,track,2006
No Soy Sin Ser de Ti,Bacanos,reggaeton,track,2003
Fua,Angel Y Khriz,reggaeton,track,2004
Cruz Y Maldición (Remix),R.K.M & Ken-Y,reggaeton,track,2007
Ahora,Jeremías,reggaeton,track,2006
Ven Motivame,Baby Ranks,reggaeton,track,2007
Cielo perdido,Alex Campos,reggaeton,track,2006
Tu Me Arrebata,Ñejo,reggaeton,track,2007
La Cachorrita,Calle Ciega,reggaeton,track,2005
Gata Michu Michu,Alexis y Fido,reggaeton,track,2006
Reggae Rokeao,Wisin & Yandel,reggaeton,track,2003
Que Lloren - Remix,Ivy Queen,reggaeton,track,2007
La Soledad,Magnate Y Valentino,reggaeton,track,2006
La Noche Es Larga,Dj Joe,reggaeton,track,2006
Dejare Llevar,Alex Gargolas,reggaeton,track,2006
Suave,Calle 13,reggaeton,track,2005
Intro,Big Boy,reggaeton,track,2006
Sin Conocerte,Reik,reggaeton,track,2006
Amarga Vida,Don Omar,reggaeton,track,2006
Vamo a Meterle,Johnny Prez,reggaeton,track,2003
Entregate,Wisin & Yandel,reggaeton,track,2007
Porque Me Duele,Jeremías,reggaeton,track,2003
Rompe - Remix (Edited),Daddy Yankee,reggaeton,track,2005
Miraré al cielo,Alex Campos,reggaeton,track,2005
Tortura,Yaga & Mackie,reggaeton,track,2006
El Nalgazo,Alexis y Fido,reggaeton,track,2003
Hace Tiempo,Wibal Y Alex,reggaeton,track,2007
Tocale Bocina (feat. Alexis y Fido),Noriega,reggaeton,track,2004
Cuándo Muera Yo,Big Boy,reggaeton,track,2006
Uno Y Uno Igual A Tres,Jeremías,reggaeton,track,2006
Repórtense - En Directo,Don Omar,reggaeton,track,2007
Dale Caliente - Live,Daddy Yankee,reggaeton,track,2005
"Lo Que Paso, Paso - Live",Daddy Yankee,reggaeton,track,2005
Métele Mijo,Alexis y Fido,reggaeton,track,2007
Entregate,Wisin & Yandel,reggaeton,track,2007
Yo Sé Lo Que Tú Das,Alexis y Fido,reggaeton,track,2007
Hello Mama,"Héctor ""El Father""",reggaeton,track,2007
Infieles,La Factoria,reggaeton,track,2006
Como Quieres Que Te Diga,Jeremías,reggaeton,track,2003
Yo Me Enamore,Calle Ciega,reggaeton,track,2005
Yo Soy,Jowell,reggaeton,track,2003
Anda Sola - DJ Kazzanova Mix,Don Omar,reggaeton,track,2007
Tiene Que Correr Invitado: 7th Poet,Funky,reggaeton,track,2004
Bambula (feat. Abrante & Tego Calderon),DJ Nelson,reggaeton,track,2007
